[
    {
    "material": {
        "ambient": [0.1, 0.1, 0.6],
        "diffuse": [0.0, 0.0, 0.0],
        "specular": [0.0, 0.0, 0.0],
        "n": 11,
        "alpha": 0.0,
        "texture": "green_outline.png"
    },
    "vertices": [
        [-0.05, -0.05, 0.05],[0.05, -0.05, 0.05],[0.01, 0.05, 0.01],[-0.05, -0.05, 0.05],[0.01, 0.05, 0.01],[-0.01, 0.05, 0.01],[0.05, -0.05, 0.05],[0.05, -0.05, -0.05],[0.01, 0.05, -0.01],[0.05, -0.05, 0.05],[0.01, 0.05, -0.01],[0.01, 0.05, 0.01],[-0.05, -0.05, -0.05],[0.05, -0.05, -0.05],[0.01, 0.05, -0.01],[-0.05, -0.05, -0.05],[0.01, 0.05, -0.01],[-0.01, 0.05, -0.01],[-0.05, -0.05, 0.05],[-0.05, -0.05, -0.05],[-0.01, 0.05, -0.01],[-0.05, -0.05, 0.05],[-0.01, 0.05, -0.01],[-0.01, 0.05, 0.01],[-0.01, 0.05, 0.01],[0.01, 0.05, 0.01],[0.01, 0.05, -0.01],[-0.01, 0.05, 0.01],[0.01, 0.05, -0.01],[-0.01, 0.05, -0.01],[-0.05, -0.05, 0.05],[0.05, -0.05, 0.05],[0.05, -0.05, -0.05],[-0.05, -0.05, 0.05],[0.05, -0.05, -0.05],[-0.05, -0.05, -0.05]
    ],
	"center": [0.0, 0.0, 0.0],
	"isDead": false,
    "normals": [
        [0, 0, 1],[0, 0, 1],[0, 0, 1],[0, 0, 1],[0, 0, 1],[0, 0, 1],[1, 0, 0],[1, 0, 0],[1, 0, 0],[1, 0, 0],[1, 0, 0],[1, 0, 0],[0, 0, -1],[0, 0, -1],[0, 0, -1],[0, 0, -1],[0, 0, -1],[0, 0, -1],[-1, 0, 0],[-1, 0, 0],[-1, 0, 0],[-1, 0, 0],[-1, 0, 0],[-1, 0, 0],[0, 1, 0],[0, 1, 0],[0, 1, 0],[0, 1, 0],[0, 1, 0],[0, 1, 0],[0, -1, 0],[0, -1, 0],[0, -1, 0],[0, -1, 0],[0, -1, 0],[0, -1, 0]
    ],
    "uvs": [
        [0, 0],[1, 0],[1, 1],[0, 0],[1, 1],[0, 1],[0, 0],[1, 0],[1, 1],[0, 0],[1, 1],[0, 1],[0, 0],[1, 0],[1, 1],[0, 0],[1, 1],[0, 1],[0, 0],[1, 0],[1, 1],[0, 0],[1, 1],[0, 1],[0, 0],[1, 0],[1, 1],[0, 0],[1, 1],[0, 1],[0, 0],[1, 0],[1, 1],[0, 0],[1, 1],[0, 1]
    ],
    "triangles": [
        [0,1,2],[3,4,5],[6,7,8],[9,10,11],[12,13,14],[15,16,17],[18,19,20],[21,22,23],[24,25,26],[27,28,29],[30,31,32],[33,34,35]
    ]
},
{
    "material": {
        "ambient": [0.1, 0.4, 0.1],
        "diffuse": [0.0, 0.0, 0.0],
        "specular": [0.3, 0.3, 0.3],
        "n": 11,
        "alpha": 0.0,
        "texture": "green_outline.png"
    },
    "vertices": [
        [-0.05, -0.05, 0.05],[0.05, -0.05, 0.05],[0.05, 0.05, 0.05],[-0.05, -0.05, 0.05],[0.05, 0.05, 0.05],[-0.05, 0.05, 0.05],[0.05, -0.05, 0.05],[0.05, -0.05, -0.05],[0.05, 0.05, -0.05],[0.05, -0.05, 0.05],[0.05, 0.05, -0.05],[0.05, 0.05, 0.05],[-0.05, -0.05, -0.05],[0.05, -0.05, -0.05],[0.05, 0.05, -0.05],[-0.05, -0.05, -0.05],[0.05, 0.05, -0.05],[-0.05, 0.05, -0.05],[-0.05, -0.05, 0.05],[-0.05, -0.05, -0.05],[-0.05, 0.05, -0.05],[-0.05, -0.05, 0.05],[-0.05, 0.05, -0.05],[-0.05, 0.05, 0.05],[-0.05, 0.05, 0.05],[0.05, 0.05, 0.05],[0.05, 0.05, -0.05],[-0.05, 0.05, 0.05],[0.05, 0.05, -0.05],[-0.05, 0.05, -0.05],[-0.05, -0.05, 0.05],[0.05, -0.05, 0.05],[0.05, -0.05, -0.05],[-0.05, -0.05, 0.05],[0.05, -0.05, -0.05],[-0.05, -0.05, -0.05]
    ],
	"center": [0.0, 0.0, 0.0],
	"isDead": false,
    "normals": [
        [0, 0, 1],[0, 0, 1],[0, 0, 1],[0, 0, 1],[0, 0, 1],[0, 0, 1],[1, 0, 0],[1, 0, 0],[1, 0, 0],[1, 0, 0],[1, 0, 0],[1, 0, 0],[0, 0, -1],[0, 0, -1],[0, 0, -1],[0, 0, -1],[0, 0, -1],[0, 0, -1],[-1, 0, 0],[-1, 0, 0],[-1, 0, 0],[-1, 0, 0],[-1, 0, 0],[-1, 0, 0],[0, 1, 0],[0, 1, 0],[0, 1, 0],[0, 1, 0],[0, 1, 0],[0, 1, 0],[0, -1, 0],[0, -1, 0],[0, -1, 0],[0, -1, 0],[0, -1, 0],[0, -1, 0]
    ],
    "uvs": [
        [0, 0],[1, 0],[1, 1],[0, 0],[1, 1],[0, 1],[0, 0],[1, 0],[1, 1],[0, 0],[1, 1],[0, 1],[0, 0],[1, 0],[1, 1],[0, 0],[1, 1],[0, 1],[0, 0],[1, 0],[1, 1],[0, 0],[1, 1],[0, 1],[0, 0],[1, 0],[1, 1],[0, 0],[1, 1],[0, 1],[0, 0],[1, 0],[1, 1],[0, 0],[1, 1],[0, 1]
    ],
    "triangles": [
        [0,1,2],[3,4,5],[6,7,8],[9,10,11],[12,13,14],[15,16,17],[18,19,20],[21,22,23],[24,25,26],[27,28,29],[30,31,32],[33,34,35]
    ]
},{
    "material": {
        "ambient": [0.1, 0.4, 0.1],
        "diffuse": [0.0, 0.0, 0.0],
        "specular": [0.3, 0.3, 0.3],
        "n": 11,
        "alpha": 0.0,
        "texture": "green_outline.png"
    },
    "vertices": [
        [-0.05, -0.05, 0.05],[0.05, -0.05, 0.05],[0.05, 0.05, 0.05],[-0.05, -0.05, 0.05],[0.05, 0.05, 0.05],[-0.05, 0.05, 0.05],[0.05, -0.05, 0.05],[0.05, -0.05, -0.05],[0.05, 0.05, -0.05],[0.05, -0.05, 0.05],[0.05, 0.05, -0.05],[0.05, 0.05, 0.05],[-0.05, -0.05, -0.05],[0.05, -0.05, -0.05],[0.05, 0.05, -0.05],[-0.05, -0.05, -0.05],[0.05, 0.05, -0.05],[-0.05, 0.05, -0.05],[-0.05, -0.05, 0.05],[-0.05, -0.05, -0.05],[-0.05, 0.05, -0.05],[-0.05, -0.05, 0.05],[-0.05, 0.05, -0.05],[-0.05, 0.05, 0.05],[-0.05, 0.05, 0.05],[0.05, 0.05, 0.05],[0.05, 0.05, -0.05],[-0.05, 0.05, 0.05],[0.05, 0.05, -0.05],[-0.05, 0.05, -0.05],[-0.05, -0.05, 0.05],[0.05, -0.05, 0.05],[0.05, -0.05, -0.05],[-0.05, -0.05, 0.05],[0.05, -0.05, -0.05],[-0.05, -0.05, -0.05]
    ],
	"center": [0.0, 0.0, 0.0],
	"isDead": false,
    "normals": [
        [0, 0, 1],[0, 0, 1],[0, 0, 1],[0, 0, 1],[0, 0, 1],[0, 0, 1],[1, 0, 0],[1, 0, 0],[1, 0, 0],[1, 0, 0],[1, 0, 0],[1, 0, 0],[0, 0, -1],[0, 0, -1],[0, 0, -1],[0, 0, -1],[0, 0, -1],[0, 0, -1],[-1, 0, 0],[-1, 0, 0],[-1, 0, 0],[-1, 0, 0],[-1, 0, 0],[-1, 0, 0],[0, 1, 0],[0, 1, 0],[0, 1, 0],[0, 1, 0],[0, 1, 0],[0, 1, 0],[0, -1, 0],[0, -1, 0],[0, -1, 0],[0, -1, 0],[0, -1, 0],[0, -1, 0]
    ],
    "uvs": [
        [0, 0],[1, 0],[1, 1],[0, 0],[1, 1],[0, 1],[0, 0],[1, 0],[1, 1],[0, 0],[1, 1],[0, 1],[0, 0],[1, 0],[1, 1],[0, 0],[1, 1],[0, 1],[0, 0],[1, 0],[1, 1],[0, 0],[1, 1],[0, 1],[0, 0],[1, 0],[1, 1],[0, 0],[1, 1],[0, 1],[0, 0],[1, 0],[1, 1],[0, 0],[1, 1],[0, 1]
    ],
    "triangles": [
        [0,1,2],[3,4,5],[6,7,8],[9,10,11],[12,13,14],[15,16,17],[18,19,20],[21,22,23],[24,25,26],[27,28,29],[30,31,32],[33,34,35]
    ]
},{
    "material": {
        "ambient": [0.1, 0.4, 0.1],
        "diffuse": [0.0, 0.0, 0.0],
        "specular": [0.3, 0.3, 0.3],
        "n": 11,
        "alpha": 0.0,
        "texture": "green_outline.png"
    },
    "vertices": [
        [-0.05, -0.05, 0.05],[0.05, -0.05, 0.05],[0.05, 0.05, 0.05],[-0.05, -0.05, 0.05],[0.05, 0.05, 0.05],[-0.05, 0.05, 0.05],[0.05, -0.05, 0.05],[0.05, -0.05, -0.05],[0.05, 0.05, -0.05],[0.05, -0.05, 0.05],[0.05, 0.05, -0.05],[0.05, 0.05, 0.05],[-0.05, -0.05, -0.05],[0.05, -0.05, -0.05],[0.05, 0.05, -0.05],[-0.05, -0.05, -0.05],[0.05, 0.05, -0.05],[-0.05, 0.05, -0.05],[-0.05, -0.05, 0.05],[-0.05, -0.05, -0.05],[-0.05, 0.05, -0.05],[-0.05, -0.05, 0.05],[-0.05, 0.05, -0.05],[-0.05, 0.05, 0.05],[-0.05, 0.05, 0.05],[0.05, 0.05, 0.05],[0.05, 0.05, -0.05],[-0.05, 0.05, 0.05],[0.05, 0.05, -0.05],[-0.05, 0.05, -0.05],[-0.05, -0.05, 0.05],[0.05, -0.05, 0.05],[0.05, -0.05, -0.05],[-0.05, -0.05, 0.05],[0.05, -0.05, -0.05],[-0.05, -0.05, -0.05]
    ],
	"center": [0.0, 0.0, 0.0],
	"isDead": false,
    "normals": [
        [0, 0, 1],[0, 0, 1],[0, 0, 1],[0, 0, 1],[0, 0, 1],[0, 0, 1],[1, 0, 0],[1, 0, 0],[1, 0, 0],[1, 0, 0],[1, 0, 0],[1, 0, 0],[0, 0, -1],[0, 0, -1],[0, 0, -1],[0, 0, -1],[0, 0, -1],[0, 0, -1],[-1, 0, 0],[-1, 0, 0],[-1, 0, 0],[-1, 0, 0],[-1, 0, 0],[-1, 0, 0],[0, 1, 0],[0, 1, 0],[0, 1, 0],[0, 1, 0],[0, 1, 0],[0, 1, 0],[0, -1, 0],[0, -1, 0],[0, -1, 0],[0, -1, 0],[0, -1, 0],[0, -1, 0]
    ],
    "uvs": [
        [0, 0],[1, 0],[1, 1],[0, 0],[1, 1],[0, 1],[0, 0],[1, 0],[1, 1],[0, 0],[1, 1],[0, 1],[0, 0],[1, 0],[1, 1],[0, 0],[1, 1],[0, 1],[0, 0],[1, 0],[1, 1],[0, 0],[1, 1],[0, 1],[0, 0],[1, 0],[1, 1],[0, 0],[1, 1],[0, 1],[0, 0],[1, 0],[1, 1],[0, 0],[1, 1],[0, 1]
    ],
    "triangles": [
        [0,1,2],[3,4,5],[6,7,8],[9,10,11],[12,13,14],[15,16,17],[18,19,20],[21,22,23],[24,25,26],[27,28,29],[30,31,32],[33,34,35]
    ]
},{
    "material": {
        "ambient": [0.1, 0.4, 0.1],
        "diffuse": [0.0, 0.0, 0.0],
        "specular": [0.3, 0.3, 0.3],
        "n": 11,
        "alpha": 0.0,
        "texture": "green_outline.png"
    },
    "vertices": [
        [-0.05, -0.05, 0.05],[0.05, -0.05, 0.05],[0.05, 0.05, 0.05],[-0.05, -0.05, 0.05],[0.05, 0.05, 0.05],[-0.05, 0.05, 0.05],[0.05, -0.05, 0.05],[0.05, -0.05, -0.05],[0.05, 0.05, -0.05],[0.05, -0.05, 0.05],[0.05, 0.05, -0.05],[0.05, 0.05, 0.05],[-0.05, -0.05, -0.05],[0.05, -0.05, -0.05],[0.05, 0.05, -0.05],[-0.05, -0.05, -0.05],[0.05, 0.05, -0.05],[-0.05, 0.05, -0.05],[-0.05, -0.05, 0.05],[-0.05, -0.05, -0.05],[-0.05, 0.05, -0.05],[-0.05, -0.05, 0.05],[-0.05, 0.05, -0.05],[-0.05, 0.05, 0.05],[-0.05, 0.05, 0.05],[0.05, 0.05, 0.05],[0.05, 0.05, -0.05],[-0.05, 0.05, 0.05],[0.05, 0.05, -0.05],[-0.05, 0.05, -0.05],[-0.05, -0.05, 0.05],[0.05, -0.05, 0.05],[0.05, -0.05, -0.05],[-0.05, -0.05, 0.05],[0.05, -0.05, -0.05],[-0.05, -0.05, -0.05]
    ],
	"center": [0.0, 0.0, 0.0],
	"isDead": false,
    "normals": [
        [0, 0, 1],[0, 0, 1],[0, 0, 1],[0, 0, 1],[0, 0, 1],[0, 0, 1],[1, 0, 0],[1, 0, 0],[1, 0, 0],[1, 0, 0],[1, 0, 0],[1, 0, 0],[0, 0, -1],[0, 0, -1],[0, 0, -1],[0, 0, -1],[0, 0, -1],[0, 0, -1],[-1, 0, 0],[-1, 0, 0],[-1, 0, 0],[-1, 0, 0],[-1, 0, 0],[-1, 0, 0],[0, 1, 0],[0, 1, 0],[0, 1, 0],[0, 1, 0],[0, 1, 0],[0, 1, 0],[0, -1, 0],[0, -1, 0],[0, -1, 0],[0, -1, 0],[0, -1, 0],[0, -1, 0]
    ],
    "uvs": [
        [0, 0],[1, 0],[1, 1],[0, 0],[1, 1],[0, 1],[0, 0],[1, 0],[1, 1],[0, 0],[1, 1],[0, 1],[0, 0],[1, 0],[1, 1],[0, 0],[1, 1],[0, 1],[0, 0],[1, 0],[1, 1],[0, 0],[1, 1],[0, 1],[0, 0],[1, 0],[1, 1],[0, 0],[1, 1],[0, 1],[0, 0],[1, 0],[1, 1],[0, 0],[1, 1],[0, 1]
    ],
    "triangles": [
        [0,1,2],[3,4,5],[6,7,8],[9,10,11],[12,13,14],[15,16,17],[18,19,20],[21,22,23],[24,25,26],[27,28,29],[30,31,32],[33,34,35]
    ]
},
{
    "material": {
        "ambient": [0.1, 0.4, 0.1],
        "diffuse": [0.0, 0.0, 0.0],
        "specular": [0.3, 0.3, 0.3],
        "n": 11,
        "alpha": 0.0,
        "texture": "green_outline.png"
    },
    "vertices": [
        [-0.05, -0.05, 0.05],[0.05, -0.05, 0.05],[0.05, 0.05, 0.05],[-0.05, -0.05, 0.05],[0.05, 0.05, 0.05],[-0.05, 0.05, 0.05],[0.05, -0.05, 0.05],[0.05, -0.05, -0.05],[0.05, 0.05, -0.05],[0.05, -0.05, 0.05],[0.05, 0.05, -0.05],[0.05, 0.05, 0.05],[-0.05, -0.05, -0.05],[0.05, -0.05, -0.05],[0.05, 0.05, -0.05],[-0.05, -0.05, -0.05],[0.05, 0.05, -0.05],[-0.05, 0.05, -0.05],[-0.05, -0.05, 0.05],[-0.05, -0.05, -0.05],[-0.05, 0.05, -0.05],[-0.05, -0.05, 0.05],[-0.05, 0.05, -0.05],[-0.05, 0.05, 0.05],[-0.05, 0.05, 0.05],[0.05, 0.05, 0.05],[0.05, 0.05, -0.05],[-0.05, 0.05, 0.05],[0.05, 0.05, -0.05],[-0.05, 0.05, -0.05],[-0.05, -0.05, 0.05],[0.05, -0.05, 0.05],[0.05, -0.05, -0.05],[-0.05, -0.05, 0.05],[0.05, -0.05, -0.05],[-0.05, -0.05, -0.05]
    ],
	"center": [0.0, 0.0, 0.0],
	"isDead": false,
    "normals": [
        [0, 0, 1],[0, 0, 1],[0, 0, 1],[0, 0, 1],[0, 0, 1],[0, 0, 1],[1, 0, 0],[1, 0, 0],[1, 0, 0],[1, 0, 0],[1, 0, 0],[1, 0, 0],[0, 0, -1],[0, 0, -1],[0, 0, -1],[0, 0, -1],[0, 0, -1],[0, 0, -1],[-1, 0, 0],[-1, 0, 0],[-1, 0, 0],[-1, 0, 0],[-1, 0, 0],[-1, 0, 0],[0, 1, 0],[0, 1, 0],[0, 1, 0],[0, 1, 0],[0, 1, 0],[0, 1, 0],[0, -1, 0],[0, -1, 0],[0, -1, 0],[0, -1, 0],[0, -1, 0],[0, -1, 0]
    ],
    "uvs": [
        [0, 0],[1, 0],[1, 1],[0, 0],[1, 1],[0, 1],[0, 0],[1, 0],[1, 1],[0, 0],[1, 1],[0, 1],[0, 0],[1, 0],[1, 1],[0, 0],[1, 1],[0, 1],[0, 0],[1, 0],[1, 1],[0, 0],[1, 1],[0, 1],[0, 0],[1, 0],[1, 1],[0, 0],[1, 1],[0, 1],[0, 0],[1, 0],[1, 1],[0, 0],[1, 1],[0, 1]
    ],
    "triangles": [
        [0,1,2],[3,4,5],[6,7,8],[9,10,11],[12,13,14],[15,16,17],[18,19,20],[21,22,23],[24,25,26],[27,28,29],[30,31,32],[33,34,35]
    ]
},
{
    "material": {
        "ambient": [0.1, 0.4, 0.1],
        "diffuse": [0.0, 0.0, 0.0],
        "specular": [0.3, 0.3, 0.3],
        "n": 11,
        "alpha": 0.0,
        "texture": "green_outline.png"
    },
    "vertices": [
        [-0.05, -0.05, 0.05],[0.05, -0.05, 0.05],[0.05, 0.05, 0.05],[-0.05, -0.05, 0.05],[0.05, 0.05, 0.05],[-0.05, 0.05, 0.05],[0.05, -0.05, 0.05],[0.05, -0.05, -0.05],[0.05, 0.05, -0.05],[0.05, -0.05, 0.05],[0.05, 0.05, -0.05],[0.05, 0.05, 0.05],[-0.05, -0.05, -0.05],[0.05, -0.05, -0.05],[0.05, 0.05, -0.05],[-0.05, -0.05, -0.05],[0.05, 0.05, -0.05],[-0.05, 0.05, -0.05],[-0.05, -0.05, 0.05],[-0.05, -0.05, -0.05],[-0.05, 0.05, -0.05],[-0.05, -0.05, 0.05],[-0.05, 0.05, -0.05],[-0.05, 0.05, 0.05],[-0.05, 0.05, 0.05],[0.05, 0.05, 0.05],[0.05, 0.05, -0.05],[-0.05, 0.05, 0.05],[0.05, 0.05, -0.05],[-0.05, 0.05, -0.05],[-0.05, -0.05, 0.05],[0.05, -0.05, 0.05],[0.05, -0.05, -0.05],[-0.05, -0.05, 0.05],[0.05, -0.05, -0.05],[-0.05, -0.05, -0.05]
    ],
	"center": [0.0, 0.0, 0.0],
	"isDead": false,
    "normals": [
        [0, 0, 1],[0, 0, 1],[0, 0, 1],[0, 0, 1],[0, 0, 1],[0, 0, 1],[1, 0, 0],[1, 0, 0],[1, 0, 0],[1, 0, 0],[1, 0, 0],[1, 0, 0],[0, 0, -1],[0, 0, -1],[0, 0, -1],[0, 0, -1],[0, 0, -1],[0, 0, -1],[-1, 0, 0],[-1, 0, 0],[-1, 0, 0],[-1, 0, 0],[-1, 0, 0],[-1, 0, 0],[0, 1, 0],[0, 1, 0],[0, 1, 0],[0, 1, 0],[0, 1, 0],[0, 1, 0],[0, -1, 0],[0, -1, 0],[0, -1, 0],[0, -1, 0],[0, -1, 0],[0, -1, 0]
    ],
    "uvs": [
        [0, 0],[1, 0],[1, 1],[0, 0],[1, 1],[0, 1],[0, 0],[1, 0],[1, 1],[0, 0],[1, 1],[0, 1],[0, 0],[1, 0],[1, 1],[0, 0],[1, 1],[0, 1],[0, 0],[1, 0],[1, 1],[0, 0],[1, 1],[0, 1],[0, 0],[1, 0],[1, 1],[0, 0],[1, 1],[0, 1],[0, 0],[1, 0],[1, 1],[0, 0],[1, 1],[0, 1]
    ],
    "triangles": [
        [0,1,2],[3,4,5],[6,7,8],[9,10,11],[12,13,14],[15,16,17],[18,19,20],[21,22,23],[24,25,26],[27,28,29],[30,31,32],[33,34,35]
    ]
},
{
    "material": {
        "ambient": [0.1, 0.4, 0.1],
        "diffuse": [0.0, 0.0, 0.0],
        "specular": [0.3, 0.3, 0.3],
        "n": 11,
        "alpha": 0.0,
        "texture": "green_outline.png"
    },
    "vertices": [
        [-0.05, -0.05, 0.05],[0.05, -0.05, 0.05],[0.05, 0.05, 0.05],[-0.05, -0.05, 0.05],[0.05, 0.05, 0.05],[-0.05, 0.05, 0.05],[0.05, -0.05, 0.05],[0.05, -0.05, -0.05],[0.05, 0.05, -0.05],[0.05, -0.05, 0.05],[0.05, 0.05, -0.05],[0.05, 0.05, 0.05],[-0.05, -0.05, -0.05],[0.05, -0.05, -0.05],[0.05, 0.05, -0.05],[-0.05, -0.05, -0.05],[0.05, 0.05, -0.05],[-0.05, 0.05, -0.05],[-0.05, -0.05, 0.05],[-0.05, -0.05, -0.05],[-0.05, 0.05, -0.05],[-0.05, -0.05, 0.05],[-0.05, 0.05, -0.05],[-0.05, 0.05, 0.05],[-0.05, 0.05, 0.05],[0.05, 0.05, 0.05],[0.05, 0.05, -0.05],[-0.05, 0.05, 0.05],[0.05, 0.05, -0.05],[-0.05, 0.05, -0.05],[-0.05, -0.05, 0.05],[0.05, -0.05, 0.05],[0.05, -0.05, -0.05],[-0.05, -0.05, 0.05],[0.05, -0.05, -0.05],[-0.05, -0.05, -0.05]
    ],
	"center": [0.0, 0.0, 0.0],
	"isDead": false,
    "normals": [
        [0, 0, 1],[0, 0, 1],[0, 0, 1],[0, 0, 1],[0, 0, 1],[0, 0, 1],[1, 0, 0],[1, 0, 0],[1, 0, 0],[1, 0, 0],[1, 0, 0],[1, 0, 0],[0, 0, -1],[0, 0, -1],[0, 0, -1],[0, 0, -1],[0, 0, -1],[0, 0, -1],[-1, 0, 0],[-1, 0, 0],[-1, 0, 0],[-1, 0, 0],[-1, 0, 0],[-1, 0, 0],[0, 1, 0],[0, 1, 0],[0, 1, 0],[0, 1, 0],[0, 1, 0],[0, 1, 0],[0, -1, 0],[0, -1, 0],[0, -1, 0],[0, -1, 0],[0, -1, 0],[0, -1, 0]
    ],
    "uvs": [
        [0, 0],[1, 0],[1, 1],[0, 0],[1, 1],[0, 1],[0, 0],[1, 0],[1, 1],[0, 0],[1, 1],[0, 1],[0, 0],[1, 0],[1, 1],[0, 0],[1, 1],[0, 1],[0, 0],[1, 0],[1, 1],[0, 0],[1, 1],[0, 1],[0, 0],[1, 0],[1, 1],[0, 0],[1, 1],[0, 1],[0, 0],[1, 0],[1, 1],[0, 0],[1, 1],[0, 1]
    ],
    "triangles": [
        [0,1,2],[3,4,5],[6,7,8],[9,10,11],[12,13,14],[15,16,17],[18,19,20],[21,22,23],[24,25,26],[27,28,29],[30,31,32],[33,34,35]
    ]
},
{
    "material": {
        "ambient": [0.1, 0.4, 0.1],
        "diffuse": [0.0, 0.0, 0.0],
        "specular": [0.3, 0.3, 0.3],
        "n": 11,
        "alpha": 0.0,
        "texture": "green_outline.png"
    },
    "vertices": [
        [-0.05, -0.05, 0.05],[0.05, -0.05, 0.05],[0.05, 0.05, 0.05],[-0.05, -0.05, 0.05],[0.05, 0.05, 0.05],[-0.05, 0.05, 0.05],[0.05, -0.05, 0.05],[0.05, -0.05, -0.05],[0.05, 0.05, -0.05],[0.05, -0.05, 0.05],[0.05, 0.05, -0.05],[0.05, 0.05, 0.05],[-0.05, -0.05, -0.05],[0.05, -0.05, -0.05],[0.05, 0.05, -0.05],[-0.05, -0.05, -0.05],[0.05, 0.05, -0.05],[-0.05, 0.05, -0.05],[-0.05, -0.05, 0.05],[-0.05, -0.05, -0.05],[-0.05, 0.05, -0.05],[-0.05, -0.05, 0.05],[-0.05, 0.05, -0.05],[-0.05, 0.05, 0.05],[-0.05, 0.05, 0.05],[0.05, 0.05, 0.05],[0.05, 0.05, -0.05],[-0.05, 0.05, 0.05],[0.05, 0.05, -0.05],[-0.05, 0.05, -0.05],[-0.05, -0.05, 0.05],[0.05, -0.05, 0.05],[0.05, -0.05, -0.05],[-0.05, -0.05, 0.05],[0.05, -0.05, -0.05],[-0.05, -0.05, -0.05]
    ],
	"center": [0.0, 0.0, 0.0],
	"isDead": false,
    "normals": [
        [0, 0, 1],[0, 0, 1],[0, 0, 1],[0, 0, 1],[0, 0, 1],[0, 0, 1],[1, 0, 0],[1, 0, 0],[1, 0, 0],[1, 0, 0],[1, 0, 0],[1, 0, 0],[0, 0, -1],[0, 0, -1],[0, 0, -1],[0, 0, -1],[0, 0, -1],[0, 0, -1],[-1, 0, 0],[-1, 0, 0],[-1, 0, 0],[-1, 0, 0],[-1, 0, 0],[-1, 0, 0],[0, 1, 0],[0, 1, 0],[0, 1, 0],[0, 1, 0],[0, 1, 0],[0, 1, 0],[0, -1, 0],[0, -1, 0],[0, -1, 0],[0, -1, 0],[0, -1, 0],[0, -1, 0]
    ],
    "uvs": [
        [0, 0],[1, 0],[1, 1],[0, 0],[1, 1],[0, 1],[0, 0],[1, 0],[1, 1],[0, 0],[1, 1],[0, 1],[0, 0],[1, 0],[1, 1],[0, 0],[1, 1],[0, 1],[0, 0],[1, 0],[1, 1],[0, 0],[1, 1],[0, 1],[0, 0],[1, 0],[1, 1],[0, 0],[1, 1],[0, 1],[0, 0],[1, 0],[1, 1],[0, 0],[1, 1],[0, 1]
    ],
    "triangles": [
        [0,1,2],[3,4,5],[6,7,8],[9,10,11],[12,13,14],[15,16,17],[18,19,20],[21,22,23],[24,25,26],[27,28,29],[30,31,32],[33,34,35]
    ]
},
{
    "material": {
        "ambient": [0.1, 0.4, 0.1],
        "diffuse": [0.0, 0.0, 0.0],
        "specular": [0.3, 0.3, 0.3],
        "n": 11,
        "alpha": 0.0,
        "texture": "green_outline.png"
    },
    "vertices": [
        [-0.05, -0.05, 0.05],[0.05, -0.05, 0.05],[0.05, 0.05, 0.05],[-0.05, -0.05, 0.05],[0.05, 0.05, 0.05],[-0.05, 0.05, 0.05],[0.05, -0.05, 0.05],[0.05, -0.05, -0.05],[0.05, 0.05, -0.05],[0.05, -0.05, 0.05],[0.05, 0.05, -0.05],[0.05, 0.05, 0.05],[-0.05, -0.05, -0.05],[0.05, -0.05, -0.05],[0.05, 0.05, -0.05],[-0.05, -0.05, -0.05],[0.05, 0.05, -0.05],[-0.05, 0.05, -0.05],[-0.05, -0.05, 0.05],[-0.05, -0.05, -0.05],[-0.05, 0.05, -0.05],[-0.05, -0.05, 0.05],[-0.05, 0.05, -0.05],[-0.05, 0.05, 0.05],[-0.05, 0.05, 0.05],[0.05, 0.05, 0.05],[0.05, 0.05, -0.05],[-0.05, 0.05, 0.05],[0.05, 0.05, -0.05],[-0.05, 0.05, -0.05],[-0.05, -0.05, 0.05],[0.05, -0.05, 0.05],[0.05, -0.05, -0.05],[-0.05, -0.05, 0.05],[0.05, -0.05, -0.05],[-0.05, -0.05, -0.05]
    ],
	"center": [0.0, 0.0, 0.0],
	"isDead": false,
    "normals": [
        [0, 0, 1],[0, 0, 1],[0, 0, 1],[0, 0, 1],[0, 0, 1],[0, 0, 1],[1, 0, 0],[1, 0, 0],[1, 0, 0],[1, 0, 0],[1, 0, 0],[1, 0, 0],[0, 0, -1],[0, 0, -1],[0, 0, -1],[0, 0, -1],[0, 0, -1],[0, 0, -1],[-1, 0, 0],[-1, 0, 0],[-1, 0, 0],[-1, 0, 0],[-1, 0, 0],[-1, 0, 0],[0, 1, 0],[0, 1, 0],[0, 1, 0],[0, 1, 0],[0, 1, 0],[0, 1, 0],[0, -1, 0],[0, -1, 0],[0, -1, 0],[0, -1, 0],[0, -1, 0],[0, -1, 0]
    ],
    "uvs": [
        [0, 0],[1, 0],[1, 1],[0, 0],[1, 1],[0, 1],[0, 0],[1, 0],[1, 1],[0, 0],[1, 1],[0, 1],[0, 0],[1, 0],[1, 1],[0, 0],[1, 1],[0, 1],[0, 0],[1, 0],[1, 1],[0, 0],[1, 1],[0, 1],[0, 0],[1, 0],[1, 1],[0, 0],[1, 1],[0, 1],[0, 0],[1, 0],[1, 1],[0, 0],[1, 1],[0, 1]
    ],
    "triangles": [
        [0,1,2],[3,4,5],[6,7,8],[9,10,11],[12,13,14],[15,16,17],[18,19,20],[21,22,23],[24,25,26],[27,28,29],[30,31,32],[33,34,35]
    ]
},
{
    "material": {
        "ambient": [0.1, 0.4, 0.1],
        "diffuse": [0.0, 0.0, 0.0],
        "specular": [0.3, 0.3, 0.3],
        "n": 11,
        "alpha": 0.0,
        "texture": "green_outline.png"
    },
    "vertices": [
        [-0.05, -0.05, 0.05],[0.05, -0.05, 0.05],[0.05, 0.05, 0.05],[-0.05, -0.05, 0.05],[0.05, 0.05, 0.05],[-0.05, 0.05, 0.05],[0.05, -0.05, 0.05],[0.05, -0.05, -0.05],[0.05, 0.05, -0.05],[0.05, -0.05, 0.05],[0.05, 0.05, -0.05],[0.05, 0.05, 0.05],[-0.05, -0.05, -0.05],[0.05, -0.05, -0.05],[0.05, 0.05, -0.05],[-0.05, -0.05, -0.05],[0.05, 0.05, -0.05],[-0.05, 0.05, -0.05],[-0.05, -0.05, 0.05],[-0.05, -0.05, -0.05],[-0.05, 0.05, -0.05],[-0.05, -0.05, 0.05],[-0.05, 0.05, -0.05],[-0.05, 0.05, 0.05],[-0.05, 0.05, 0.05],[0.05, 0.05, 0.05],[0.05, 0.05, -0.05],[-0.05, 0.05, 0.05],[0.05, 0.05, -0.05],[-0.05, 0.05, -0.05],[-0.05, -0.05, 0.05],[0.05, -0.05, 0.05],[0.05, -0.05, -0.05],[-0.05, -0.05, 0.05],[0.05, -0.05, -0.05],[-0.05, -0.05, -0.05]
    ],
	"center": [0.0, 0.0, 0.0],
	"isDead": false,
    "normals": [
        [0, 0, 1],[0, 0, 1],[0, 0, 1],[0, 0, 1],[0, 0, 1],[0, 0, 1],[1, 0, 0],[1, 0, 0],[1, 0, 0],[1, 0, 0],[1, 0, 0],[1, 0, 0],[0, 0, -1],[0, 0, -1],[0, 0, -1],[0, 0, -1],[0, 0, -1],[0, 0, -1],[-1, 0, 0],[-1, 0, 0],[-1, 0, 0],[-1, 0, 0],[-1, 0, 0],[-1, 0, 0],[0, 1, 0],[0, 1, 0],[0, 1, 0],[0, 1, 0],[0, 1, 0],[0, 1, 0],[0, -1, 0],[0, -1, 0],[0, -1, 0],[0, -1, 0],[0, -1, 0],[0, -1, 0]
    ],
    "uvs": [
        [0, 0],[1, 0],[1, 1],[0, 0],[1, 1],[0, 1],[0, 0],[1, 0],[1, 1],[0, 0],[1, 1],[0, 1],[0, 0],[1, 0],[1, 1],[0, 0],[1, 1],[0, 1],[0, 0],[1, 0],[1, 1],[0, 0],[1, 1],[0, 1],[0, 0],[1, 0],[1, 1],[0, 0],[1, 1],[0, 1],[0, 0],[1, 0],[1, 1],[0, 0],[1, 1],[0, 1]
    ],
    "triangles": [
        [0,1,2],[3,4,5],[6,7,8],[9,10,11],[12,13,14],[15,16,17],[18,19,20],[21,22,23],[24,25,26],[27,28,29],[30,31,32],[33,34,35]
    ]
},
{
    "material": {
        "ambient": [0.1, 0.4, 0.1],
        "diffuse": [0.0, 0.0, 0.0],
        "specular": [0.3, 0.3, 0.3],
        "n": 11,
        "alpha": 0.0,
        "texture": "green_outline.png"
    },
    "vertices": [
        [-0.05, -0.05, 0.05],[0.05, -0.05, 0.05],[0.05, 0.05, 0.05],[-0.05, -0.05, 0.05],[0.05, 0.05, 0.05],[-0.05, 0.05, 0.05],[0.05, -0.05, 0.05],[0.05, -0.05, -0.05],[0.05, 0.05, -0.05],[0.05, -0.05, 0.05],[0.05, 0.05, -0.05],[0.05, 0.05, 0.05],[-0.05, -0.05, -0.05],[0.05, -0.05, -0.05],[0.05, 0.05, -0.05],[-0.05, -0.05, -0.05],[0.05, 0.05, -0.05],[-0.05, 0.05, -0.05],[-0.05, -0.05, 0.05],[-0.05, -0.05, -0.05],[-0.05, 0.05, -0.05],[-0.05, -0.05, 0.05],[-0.05, 0.05, -0.05],[-0.05, 0.05, 0.05],[-0.05, 0.05, 0.05],[0.05, 0.05, 0.05],[0.05, 0.05, -0.05],[-0.05, 0.05, 0.05],[0.05, 0.05, -0.05],[-0.05, 0.05, -0.05],[-0.05, -0.05, 0.05],[0.05, -0.05, 0.05],[0.05, -0.05, -0.05],[-0.05, -0.05, 0.05],[0.05, -0.05, -0.05],[-0.05, -0.05, -0.05]
    ],
	"center": [0.0, 0.0, 0.0],
	"isDead": false,
    "normals": [
        [0, 0, 1],[0, 0, 1],[0, 0, 1],[0, 0, 1],[0, 0, 1],[0, 0, 1],[1, 0, 0],[1, 0, 0],[1, 0, 0],[1, 0, 0],[1, 0, 0],[1, 0, 0],[0, 0, -1],[0, 0, -1],[0, 0, -1],[0, 0, -1],[0, 0, -1],[0, 0, -1],[-1, 0, 0],[-1, 0, 0],[-1, 0, 0],[-1, 0, 0],[-1, 0, 0],[-1, 0, 0],[0, 1, 0],[0, 1, 0],[0, 1, 0],[0, 1, 0],[0, 1, 0],[0, 1, 0],[0, -1, 0],[0, -1, 0],[0, -1, 0],[0, -1, 0],[0, -1, 0],[0, -1, 0]
    ],
    "uvs": [
        [0, 0],[1, 0],[1, 1],[0, 0],[1, 1],[0, 1],[0, 0],[1, 0],[1, 1],[0, 0],[1, 1],[0, 1],[0, 0],[1, 0],[1, 1],[0, 0],[1, 1],[0, 1],[0, 0],[1, 0],[1, 1],[0, 0],[1, 1],[0, 1],[0, 0],[1, 0],[1, 1],[0, 0],[1, 1],[0, 1],[0, 0],[1, 0],[1, 1],[0, 0],[1, 1],[0, 1]
    ],
    "triangles": [
        [0,1,2],[3,4,5],[6,7,8],[9,10,11],[12,13,14],[15,16,17],[18,19,20],[21,22,23],[24,25,26],[27,28,29],[30,31,32],[33,34,35]
    ]
},
{
    "material": {
        "ambient": [0.1, 0.4, 0.1],
        "diffuse": [0.0, 0.0, 0.0],
        "specular": [0.3, 0.3, 0.3],
        "n": 11,
        "alpha": 0.0,
        "texture": "green_outline.png"
    },
    "vertices": [
        [-0.05, -0.05, 0.05],[0.05, -0.05, 0.05],[0.05, 0.05, 0.05],[-0.05, -0.05, 0.05],[0.05, 0.05, 0.05],[-0.05, 0.05, 0.05],[0.05, -0.05, 0.05],[0.05, -0.05, -0.05],[0.05, 0.05, -0.05],[0.05, -0.05, 0.05],[0.05, 0.05, -0.05],[0.05, 0.05, 0.05],[-0.05, -0.05, -0.05],[0.05, -0.05, -0.05],[0.05, 0.05, -0.05],[-0.05, -0.05, -0.05],[0.05, 0.05, -0.05],[-0.05, 0.05, -0.05],[-0.05, -0.05, 0.05],[-0.05, -0.05, -0.05],[-0.05, 0.05, -0.05],[-0.05, -0.05, 0.05],[-0.05, 0.05, -0.05],[-0.05, 0.05, 0.05],[-0.05, 0.05, 0.05],[0.05, 0.05, 0.05],[0.05, 0.05, -0.05],[-0.05, 0.05, 0.05],[0.05, 0.05, -0.05],[-0.05, 0.05, -0.05],[-0.05, -0.05, 0.05],[0.05, -0.05, 0.05],[0.05, -0.05, -0.05],[-0.05, -0.05, 0.05],[0.05, -0.05, -0.05],[-0.05, -0.05, -0.05]
    ],
	"center": [0.0, 0.0, 0.0],
	"isDead": false,
    "normals": [
        [0, 0, 1],[0, 0, 1],[0, 0, 1],[0, 0, 1],[0, 0, 1],[0, 0, 1],[1, 0, 0],[1, 0, 0],[1, 0, 0],[1, 0, 0],[1, 0, 0],[1, 0, 0],[0, 0, -1],[0, 0, -1],[0, 0, -1],[0, 0, -1],[0, 0, -1],[0, 0, -1],[-1, 0, 0],[-1, 0, 0],[-1, 0, 0],[-1, 0, 0],[-1, 0, 0],[-1, 0, 0],[0, 1, 0],[0, 1, 0],[0, 1, 0],[0, 1, 0],[0, 1, 0],[0, 1, 0],[0, -1, 0],[0, -1, 0],[0, -1, 0],[0, -1, 0],[0, -1, 0],[0, -1, 0]
    ],
    "uvs": [
        [0, 0],[1, 0],[1, 1],[0, 0],[1, 1],[0, 1],[0, 0],[1, 0],[1, 1],[0, 0],[1, 1],[0, 1],[0, 0],[1, 0],[1, 1],[0, 0],[1, 1],[0, 1],[0, 0],[1, 0],[1, 1],[0, 0],[1, 1],[0, 1],[0, 0],[1, 0],[1, 1],[0, 0],[1, 1],[0, 1],[0, 0],[1, 0],[1, 1],[0, 0],[1, 1],[0, 1]
    ],
    "triangles": [
        [0,1,2],[3,4,5],[6,7,8],[9,10,11],[12,13,14],[15,16,17],[18,19,20],[21,22,23],[24,25,26],[27,28,29],[30,31,32],[33,34,35]
    ]
},
{
    "material": {
        "ambient": [1.0, 0.1, 0.1],
        "diffuse": [0.0, 0.0, 0.0],
        "specular": [0.3, 0.3, 0.3],
        "n": 11,
        "alpha": 0.0,
        "texture": "green_outline.png"
    },
    "vertices": [
        [-0.05, -0.05, 0.05],[0.05, -0.05, 0.05],[0.05, 0.05, 0.05],[-0.05, -0.05, 0.05],[0.05, 0.05, 0.05],[-0.05, 0.05, 0.05],[0.05, -0.05, 0.05],[0.05, -0.05, -0.05],[0.05, 0.05, -0.05],[0.05, -0.05, 0.05],[0.05, 0.05, -0.05],[0.05, 0.05, 0.05],[-0.05, -0.05, -0.05],[0.05, -0.05, -0.05],[0.05, 0.05, -0.05],[-0.05, -0.05, -0.05],[0.05, 0.05, -0.05],[-0.05, 0.05, -0.05],[-0.05, -0.05, 0.05],[-0.05, -0.05, -0.05],[-0.05, 0.05, -0.05],[-0.05, -0.05, 0.05],[-0.05, 0.05, -0.05],[-0.05, 0.05, 0.05],[-0.05, 0.05, 0.05],[0.05, 0.05, 0.05],[0.05, 0.05, -0.05],[-0.05, 0.05, 0.05],[0.05, 0.05, -0.05],[-0.05, 0.05, -0.05],[-0.05, -0.05, 0.05],[0.05, -0.05, 0.05],[0.05, -0.05, -0.05],[-0.05, -0.05, 0.05],[0.05, -0.05, -0.05],[-0.05, -0.05, -0.05]
    ],
	"center": [0.0, 0.0, 0.0],
	"isDead": false,
    "normals": [
        [0, 0, 1],[0, 0, 1],[0, 0, 1],[0, 0, 1],[0, 0, 1],[0, 0, 1],[1, 0, 0],[1, 0, 0],[1, 0, 0],[1, 0, 0],[1, 0, 0],[1, 0, 0],[0, 0, -1],[0, 0, -1],[0, 0, -1],[0, 0, -1],[0, 0, -1],[0, 0, -1],[-1, 0, 0],[-1, 0, 0],[-1, 0, 0],[-1, 0, 0],[-1, 0, 0],[-1, 0, 0],[0, 1, 0],[0, 1, 0],[0, 1, 0],[0, 1, 0],[0, 1, 0],[0, 1, 0],[0, -1, 0],[0, -1, 0],[0, -1, 0],[0, -1, 0],[0, -1, 0],[0, -1, 0]
    ],
    "uvs": [
        [0, 0],[1, 0],[1, 1],[0, 0],[1, 1],[0, 1],[0, 0],[1, 0],[1, 1],[0, 0],[1, 1],[0, 1],[0, 0],[1, 0],[1, 1],[0, 0],[1, 1],[0, 1],[0, 0],[1, 0],[1, 1],[0, 0],[1, 1],[0, 1],[0, 0],[1, 0],[1, 1],[0, 0],[1, 1],[0, 1],[0, 0],[1, 0],[1, 1],[0, 0],[1, 1],[0, 1]
    ],
    "triangles": [
        [0,1,2],[3,4,5],[6,7,8],[9,10,11],[12,13,14],[15,16,17],[18,19,20],[21,22,23],[24,25,26],[27,28,29],[30,31,32],[33,34,35]
    ]
},
{
    "material": {
        "ambient": [1.0, 0.1, 0.1],
        "diffuse": [0.0, 0.0, 0.0],
        "specular": [0.3, 0.3, 0.3],
        "n": 11,
        "alpha": 0.0,
        "texture": "green_outline.png"
    },
    "vertices": [
        [-0.05, -0.05, 0.05],[0.05, -0.05, 0.05],[0.05, 0.05, 0.05],[-0.05, -0.05, 0.05],[0.05, 0.05, 0.05],[-0.05, 0.05, 0.05],[0.05, -0.05, 0.05],[0.05, -0.05, -0.05],[0.05, 0.05, -0.05],[0.05, -0.05, 0.05],[0.05, 0.05, -0.05],[0.05, 0.05, 0.05],[-0.05, -0.05, -0.05],[0.05, -0.05, -0.05],[0.05, 0.05, -0.05],[-0.05, -0.05, -0.05],[0.05, 0.05, -0.05],[-0.05, 0.05, -0.05],[-0.05, -0.05, 0.05],[-0.05, -0.05, -0.05],[-0.05, 0.05, -0.05],[-0.05, -0.05, 0.05],[-0.05, 0.05, -0.05],[-0.05, 0.05, 0.05],[-0.05, 0.05, 0.05],[0.05, 0.05, 0.05],[0.05, 0.05, -0.05],[-0.05, 0.05, 0.05],[0.05, 0.05, -0.05],[-0.05, 0.05, -0.05],[-0.05, -0.05, 0.05],[0.05, -0.05, 0.05],[0.05, -0.05, -0.05],[-0.05, -0.05, 0.05],[0.05, -0.05, -0.05],[-0.05, -0.05, -0.05]
    ],
	"center": [0.0, 0.0, 0.0],
	"isDead": false,
    "normals": [
        [0, 0, 1],[0, 0, 1],[0, 0, 1],[0, 0, 1],[0, 0, 1],[0, 0, 1],[1, 0, 0],[1, 0, 0],[1, 0, 0],[1, 0, 0],[1, 0, 0],[1, 0, 0],[0, 0, -1],[0, 0, -1],[0, 0, -1],[0, 0, -1],[0, 0, -1],[0, 0, -1],[-1, 0, 0],[-1, 0, 0],[-1, 0, 0],[-1, 0, 0],[-1, 0, 0],[-1, 0, 0],[0, 1, 0],[0, 1, 0],[0, 1, 0],[0, 1, 0],[0, 1, 0],[0, 1, 0],[0, -1, 0],[0, -1, 0],[0, -1, 0],[0, -1, 0],[0, -1, 0],[0, -1, 0]
    ],
    "uvs": [
        [0, 0],[1, 0],[1, 1],[0, 0],[1, 1],[0, 1],[0, 0],[1, 0],[1, 1],[0, 0],[1, 1],[0, 1],[0, 0],[1, 0],[1, 1],[0, 0],[1, 1],[0, 1],[0, 0],[1, 0],[1, 1],[0, 0],[1, 1],[0, 1],[0, 0],[1, 0],[1, 1],[0, 0],[1, 1],[0, 1],[0, 0],[1, 0],[1, 1],[0, 0],[1, 1],[0, 1]
    ],
    "triangles": [
        [0,1,2],[3,4,5],[6,7,8],[9,10,11],[12,13,14],[15,16,17],[18,19,20],[21,22,23],[24,25,26],[27,28,29],[30,31,32],[33,34,35]
    ]
},
{
    "material": {
        "ambient": [1.0, 0.1, 0.1],
        "diffuse": [0.0, 0.0, 0.0],
        "specular": [0.3, 0.3, 0.3],
        "n": 11,
        "alpha": 0.0,
        "texture": "green_outline.png"
    },
    "vertices": [
        [-0.05, -0.05, 0.05],[0.05, -0.05, 0.05],[0.05, 0.05, 0.05],[-0.05, -0.05, 0.05],[0.05, 0.05, 0.05],[-0.05, 0.05, 0.05],[0.05, -0.05, 0.05],[0.05, -0.05, -0.05],[0.05, 0.05, -0.05],[0.05, -0.05, 0.05],[0.05, 0.05, -0.05],[0.05, 0.05, 0.05],[-0.05, -0.05, -0.05],[0.05, -0.05, -0.05],[0.05, 0.05, -0.05],[-0.05, -0.05, -0.05],[0.05, 0.05, -0.05],[-0.05, 0.05, -0.05],[-0.05, -0.05, 0.05],[-0.05, -0.05, -0.05],[-0.05, 0.05, -0.05],[-0.05, -0.05, 0.05],[-0.05, 0.05, -0.05],[-0.05, 0.05, 0.05],[-0.05, 0.05, 0.05],[0.05, 0.05, 0.05],[0.05, 0.05, -0.05],[-0.05, 0.05, 0.05],[0.05, 0.05, -0.05],[-0.05, 0.05, -0.05],[-0.05, -0.05, 0.05],[0.05, -0.05, 0.05],[0.05, -0.05, -0.05],[-0.05, -0.05, 0.05],[0.05, -0.05, -0.05],[-0.05, -0.05, -0.05]
    ],
	"center": [0.0, 0.0, 0.0],
	"isDead": false,
    "normals": [
        [0, 0, 1],[0, 0, 1],[0, 0, 1],[0, 0, 1],[0, 0, 1],[0, 0, 1],[1, 0, 0],[1, 0, 0],[1, 0, 0],[1, 0, 0],[1, 0, 0],[1, 0, 0],[0, 0, -1],[0, 0, -1],[0, 0, -1],[0, 0, -1],[0, 0, -1],[0, 0, -1],[-1, 0, 0],[-1, 0, 0],[-1, 0, 0],[-1, 0, 0],[-1, 0, 0],[-1, 0, 0],[0, 1, 0],[0, 1, 0],[0, 1, 0],[0, 1, 0],[0, 1, 0],[0, 1, 0],[0, -1, 0],[0, -1, 0],[0, -1, 0],[0, -1, 0],[0, -1, 0],[0, -1, 0]
    ],
    "uvs": [
        [0, 0],[1, 0],[1, 1],[0, 0],[1, 1],[0, 1],[0, 0],[1, 0],[1, 1],[0, 0],[1, 1],[0, 1],[0, 0],[1, 0],[1, 1],[0, 0],[1, 1],[0, 1],[0, 0],[1, 0],[1, 1],[0, 0],[1, 1],[0, 1],[0, 0],[1, 0],[1, 1],[0, 0],[1, 1],[0, 1],[0, 0],[1, 0],[1, 1],[0, 0],[1, 1],[0, 1]
    ],
    "triangles": [
        [0,1,2],[3,4,5],[6,7,8],[9,10,11],[12,13,14],[15,16,17],[18,19,20],[21,22,23],[24,25,26],[27,28,29],[30,31,32],[33,34,35]
    ]
},
{
    "material": {
        "ambient": [1.0, 0.1, 0.1],
        "diffuse": [0.0, 0.0, 0.0],
        "specular": [0.3, 0.3, 0.3],
        "n": 11,
        "alpha": 0.0,
        "texture": "green_outline.png"
    },
    "vertices": [
        [-0.05, -0.05, 0.05],[0.05, -0.05, 0.05],[0.05, 0.05, 0.05],[-0.05, -0.05, 0.05],[0.05, 0.05, 0.05],[-0.05, 0.05, 0.05],[0.05, -0.05, 0.05],[0.05, -0.05, -0.05],[0.05, 0.05, -0.05],[0.05, -0.05, 0.05],[0.05, 0.05, -0.05],[0.05, 0.05, 0.05],[-0.05, -0.05, -0.05],[0.05, -0.05, -0.05],[0.05, 0.05, -0.05],[-0.05, -0.05, -0.05],[0.05, 0.05, -0.05],[-0.05, 0.05, -0.05],[-0.05, -0.05, 0.05],[-0.05, -0.05, -0.05],[-0.05, 0.05, -0.05],[-0.05, -0.05, 0.05],[-0.05, 0.05, -0.05],[-0.05, 0.05, 0.05],[-0.05, 0.05, 0.05],[0.05, 0.05, 0.05],[0.05, 0.05, -0.05],[-0.05, 0.05, 0.05],[0.05, 0.05, -0.05],[-0.05, 0.05, -0.05],[-0.05, -0.05, 0.05],[0.05, -0.05, 0.05],[0.05, -0.05, -0.05],[-0.05, -0.05, 0.05],[0.05, -0.05, -0.05],[-0.05, -0.05, -0.05]
    ],
	"center": [0.0, 0.0, 0.0],
	"isDead": false,
    "normals": [
        [0, 0, 1],[0, 0, 1],[0, 0, 1],[0, 0, 1],[0, 0, 1],[0, 0, 1],[1, 0, 0],[1, 0, 0],[1, 0, 0],[1, 0, 0],[1, 0, 0],[1, 0, 0],[0, 0, -1],[0, 0, -1],[0, 0, -1],[0, 0, -1],[0, 0, -1],[0, 0, -1],[-1, 0, 0],[-1, 0, 0],[-1, 0, 0],[-1, 0, 0],[-1, 0, 0],[-1, 0, 0],[0, 1, 0],[0, 1, 0],[0, 1, 0],[0, 1, 0],[0, 1, 0],[0, 1, 0],[0, -1, 0],[0, -1, 0],[0, -1, 0],[0, -1, 0],[0, -1, 0],[0, -1, 0]
    ],
    "uvs": [
        [0, 0],[1, 0],[1, 1],[0, 0],[1, 1],[0, 1],[0, 0],[1, 0],[1, 1],[0, 0],[1, 1],[0, 1],[0, 0],[1, 0],[1, 1],[0, 0],[1, 1],[0, 1],[0, 0],[1, 0],[1, 1],[0, 0],[1, 1],[0, 1],[0, 0],[1, 0],[1, 1],[0, 0],[1, 1],[0, 1],[0, 0],[1, 0],[1, 1],[0, 0],[1, 1],[0, 1]
    ],
    "triangles": [
        [0,1,2],[3,4,5],[6,7,8],[9,10,11],[12,13,14],[15,16,17],[18,19,20],[21,22,23],[24,25,26],[27,28,29],[30,31,32],[33,34,35]
    ]
},
{
    "material": {
        "ambient": [1.0, 0.1, 0.1],
        "diffuse": [0.0, 0.0, 0.0],
        "specular": [0.3, 0.3, 0.3],
        "n": 11,
        "alpha": 0.0,
        "texture": "green_outline.png"
    },
    "vertices": [
        [-0.05, -0.05, 0.05],[0.05, -0.05, 0.05],[0.05, 0.05, 0.05],[-0.05, -0.05, 0.05],[0.05, 0.05, 0.05],[-0.05, 0.05, 0.05],[0.05, -0.05, 0.05],[0.05, -0.05, -0.05],[0.05, 0.05, -0.05],[0.05, -0.05, 0.05],[0.05, 0.05, -0.05],[0.05, 0.05, 0.05],[-0.05, -0.05, -0.05],[0.05, -0.05, -0.05],[0.05, 0.05, -0.05],[-0.05, -0.05, -0.05],[0.05, 0.05, -0.05],[-0.05, 0.05, -0.05],[-0.05, -0.05, 0.05],[-0.05, -0.05, -0.05],[-0.05, 0.05, -0.05],[-0.05, -0.05, 0.05],[-0.05, 0.05, -0.05],[-0.05, 0.05, 0.05],[-0.05, 0.05, 0.05],[0.05, 0.05, 0.05],[0.05, 0.05, -0.05],[-0.05, 0.05, 0.05],[0.05, 0.05, -0.05],[-0.05, 0.05, -0.05],[-0.05, -0.05, 0.05],[0.05, -0.05, 0.05],[0.05, -0.05, -0.05],[-0.05, -0.05, 0.05],[0.05, -0.05, -0.05],[-0.05, -0.05, -0.05]
    ],
	"center": [0.0, 0.0, 0.0],
	"isDead": false,
    "normals": [
        [0, 0, 1],[0, 0, 1],[0, 0, 1],[0, 0, 1],[0, 0, 1],[0, 0, 1],[1, 0, 0],[1, 0, 0],[1, 0, 0],[1, 0, 0],[1, 0, 0],[1, 0, 0],[0, 0, -1],[0, 0, -1],[0, 0, -1],[0, 0, -1],[0, 0, -1],[0, 0, -1],[-1, 0, 0],[-1, 0, 0],[-1, 0, 0],[-1, 0, 0],[-1, 0, 0],[-1, 0, 0],[0, 1, 0],[0, 1, 0],[0, 1, 0],[0, 1, 0],[0, 1, 0],[0, 1, 0],[0, -1, 0],[0, -1, 0],[0, -1, 0],[0, -1, 0],[0, -1, 0],[0, -1, 0]
    ],
    "uvs": [
        [0, 0],[1, 0],[1, 1],[0, 0],[1, 1],[0, 1],[0, 0],[1, 0],[1, 1],[0, 0],[1, 1],[0, 1],[0, 0],[1, 0],[1, 1],[0, 0],[1, 1],[0, 1],[0, 0],[1, 0],[1, 1],[0, 0],[1, 1],[0, 1],[0, 0],[1, 0],[1, 1],[0, 0],[1, 1],[0, 1],[0, 0],[1, 0],[1, 1],[0, 0],[1, 1],[0, 1]
    ],
    "triangles": [
        [0,1,2],[3,4,5],[6,7,8],[9,10,11],[12,13,14],[15,16,17],[18,19,20],[21,22,23],[24,25,26],[27,28,29],[30,31,32],[33,34,35]
    ]
},
{
    "material": {
        "ambient": [1.0, 0.1, 0.1],
        "diffuse": [0.0, 0.0, 0.0],
        "specular": [0.3, 0.3, 0.3],
        "n": 11,
        "alpha": 0.0,
        "texture": "green_outline.png"
    },
    "vertices": [
        [-0.05, -0.05, 0.05],[0.05, -0.05, 0.05],[0.05, 0.05, 0.05],[-0.05, -0.05, 0.05],[0.05, 0.05, 0.05],[-0.05, 0.05, 0.05],[0.05, -0.05, 0.05],[0.05, -0.05, -0.05],[0.05, 0.05, -0.05],[0.05, -0.05, 0.05],[0.05, 0.05, -0.05],[0.05, 0.05, 0.05],[-0.05, -0.05, -0.05],[0.05, -0.05, -0.05],[0.05, 0.05, -0.05],[-0.05, -0.05, -0.05],[0.05, 0.05, -0.05],[-0.05, 0.05, -0.05],[-0.05, -0.05, 0.05],[-0.05, -0.05, -0.05],[-0.05, 0.05, -0.05],[-0.05, -0.05, 0.05],[-0.05, 0.05, -0.05],[-0.05, 0.05, 0.05],[-0.05, 0.05, 0.05],[0.05, 0.05, 0.05],[0.05, 0.05, -0.05],[-0.05, 0.05, 0.05],[0.05, 0.05, -0.05],[-0.05, 0.05, -0.05],[-0.05, -0.05, 0.05],[0.05, -0.05, 0.05],[0.05, -0.05, -0.05],[-0.05, -0.05, 0.05],[0.05, -0.05, -0.05],[-0.05, -0.05, -0.05]
    ],
	"center": [0.0, 0.0, 0.0],
	"isDead": false,
    "normals": [
        [0, 0, 1],[0, 0, 1],[0, 0, 1],[0, 0, 1],[0, 0, 1],[0, 0, 1],[1, 0, 0],[1, 0, 0],[1, 0, 0],[1, 0, 0],[1, 0, 0],[1, 0, 0],[0, 0, -1],[0, 0, -1],[0, 0, -1],[0, 0, -1],[0, 0, -1],[0, 0, -1],[-1, 0, 0],[-1, 0, 0],[-1, 0, 0],[-1, 0, 0],[-1, 0, 0],[-1, 0, 0],[0, 1, 0],[0, 1, 0],[0, 1, 0],[0, 1, 0],[0, 1, 0],[0, 1, 0],[0, -1, 0],[0, -1, 0],[0, -1, 0],[0, -1, 0],[0, -1, 0],[0, -1, 0]
    ],
    "uvs": [
        [0, 0],[1, 0],[1, 1],[0, 0],[1, 1],[0, 1],[0, 0],[1, 0],[1, 1],[0, 0],[1, 1],[0, 1],[0, 0],[1, 0],[1, 1],[0, 0],[1, 1],[0, 1],[0, 0],[1, 0],[1, 1],[0, 0],[1, 1],[0, 1],[0, 0],[1, 0],[1, 1],[0, 0],[1, 1],[0, 1],[0, 0],[1, 0],[1, 1],[0, 0],[1, 1],[0, 1]
    ],
    "triangles": [
        [0,1,2],[3,4,5],[6,7,8],[9,10,11],[12,13,14],[15,16,17],[18,19,20],[21,22,23],[24,25,26],[27,28,29],[30,31,32],[33,34,35]
    ]
},
{
    "material": {
        "ambient": [1.0, 0.1, 0.1],
        "diffuse": [0.0, 0.0, 0.0],
        "specular": [0.3, 0.3, 0.3],
        "n": 11,
        "alpha": 0.0,
        "texture": "green_outline.png"
    },
    "vertices": [
        [-0.05, -0.05, 0.05],[0.05, -0.05, 0.05],[0.05, 0.05, 0.05],[-0.05, -0.05, 0.05],[0.05, 0.05, 0.05],[-0.05, 0.05, 0.05],[0.05, -0.05, 0.05],[0.05, -0.05, -0.05],[0.05, 0.05, -0.05],[0.05, -0.05, 0.05],[0.05, 0.05, -0.05],[0.05, 0.05, 0.05],[-0.05, -0.05, -0.05],[0.05, -0.05, -0.05],[0.05, 0.05, -0.05],[-0.05, -0.05, -0.05],[0.05, 0.05, -0.05],[-0.05, 0.05, -0.05],[-0.05, -0.05, 0.05],[-0.05, -0.05, -0.05],[-0.05, 0.05, -0.05],[-0.05, -0.05, 0.05],[-0.05, 0.05, -0.05],[-0.05, 0.05, 0.05],[-0.05, 0.05, 0.05],[0.05, 0.05, 0.05],[0.05, 0.05, -0.05],[-0.05, 0.05, 0.05],[0.05, 0.05, -0.05],[-0.05, 0.05, -0.05],[-0.05, -0.05, 0.05],[0.05, -0.05, 0.05],[0.05, -0.05, -0.05],[-0.05, -0.05, 0.05],[0.05, -0.05, -0.05],[-0.05, -0.05, -0.05]
    ],
	"center": [0.0, 0.0, 0.0],
	"isDead": false,
    "normals": [
        [0, 0, 1],[0, 0, 1],[0, 0, 1],[0, 0, 1],[0, 0, 1],[0, 0, 1],[1, 0, 0],[1, 0, 0],[1, 0, 0],[1, 0, 0],[1, 0, 0],[1, 0, 0],[0, 0, -1],[0, 0, -1],[0, 0, -1],[0, 0, -1],[0, 0, -1],[0, 0, -1],[-1, 0, 0],[-1, 0, 0],[-1, 0, 0],[-1, 0, 0],[-1, 0, 0],[-1, 0, 0],[0, 1, 0],[0, 1, 0],[0, 1, 0],[0, 1, 0],[0, 1, 0],[0, 1, 0],[0, -1, 0],[0, -1, 0],[0, -1, 0],[0, -1, 0],[0, -1, 0],[0, -1, 0]
    ],
    "uvs": [
        [0, 0],[1, 0],[1, 1],[0, 0],[1, 1],[0, 1],[0, 0],[1, 0],[1, 1],[0, 0],[1, 1],[0, 1],[0, 0],[1, 0],[1, 1],[0, 0],[1, 1],[0, 1],[0, 0],[1, 0],[1, 1],[0, 0],[1, 1],[0, 1],[0, 0],[1, 0],[1, 1],[0, 0],[1, 1],[0, 1],[0, 0],[1, 0],[1, 1],[0, 0],[1, 1],[0, 1]
    ],
    "triangles": [
        [0,1,2],[3,4,5],[6,7,8],[9,10,11],[12,13,14],[15,16,17],[18,19,20],[21,22,23],[24,25,26],[27,28,29],[30,31,32],[33,34,35]
    ]
}
]