[{
    "material": {
        "ambient": [0.1, 0.1, 0.1],
        "diffuse": [0.6, 0.4, 0.4],
        "specular": [0.3, 0.3, 0.3],
        "n": 11,
        "alpha": 0.9,
        "texture": "tree.png"
    },
    "vertices": [
        [0.1, 0.1, 0.1],  [-0.1, 0.1, 0.1],  [-0.1, -0.1, 0.1],  [0.1, -0.1, 0.1],  
        [0.1, 0.1, -0.1], [-0.1, 0.1, -0.1], [-0.1, -0.1, -0.1], [0.1, -0.1, -0.1]  
    ],
    "normals": [
        [0, 0, 1],  [0, 0, 1],  [0, 0, 1],  [0, 0, 1],  
        [0, 0, -1], [0, 0, -1], [0, 0, -1], [0, 0, -1], 
        [-1, 0, 0], [-1, 0, 0], [-1, 0, 0], [-1, 0, 0], 
        [1, 0, 0],  [1, 0, 0],  [1, 0, 0],  [1, 0, 0],  
        [0, 1, 0],  [0, 1, 0],  [0, 1, 0],  [0, 1, 0],  
        [0, -1, 0], [0, -1, 0], [0, -1, 0], [0, -1, 0]  
    ],
    "uvs": [
        [0, 0], [1, 0], [1, 1], [0, 1],  
        [0, 0], [1, 0], [1, 1], [0, 1],  
        [0, 0], [1, 0], [1, 1], [0, 1],  
        [0, 0], [1, 0], [1, 1], [0, 1],  
        [0, 0], [1, 0], [1, 1], [0, 1],  
        [0, 0], [1, 0], [1, 1], [0, 1]   
    ],
    "triangles": [
        [0, 1, 2], [0, 2, 3], 
        [4, 6, 5], [4, 7, 6], 
        [1, 5, 6], [1, 6, 2], 
        [0, 3, 7], [0, 7, 4], 
        [0, 4, 5], [0, 5, 1], 
        [3, 2, 6], [3, 6, 7]  
    ]
},
    {
        "material": {"ambient": [0.1,0.1,0.1], "diffuse": [0.6,0.4,0.4], "specular": [0.3,0.3,0.3], "n": 11, "alpha": 0.9, "texture": "abe.png"}, 
        "vertices": [[0.1, -0.05, 0.0],[0.0, 0.1, 0.0],[-0.1, -0.05, 0.0]],
        "normals": [[0, 0, -1],[0, 0,-1],[0, 0,-1]],
        "uvs": [[0,0], [0.5,1], [1,0]],
        "triangles": [[0,1,2]]
    }, 
    {
        "material": {"ambient": [0.1,0.1,0.1], "diffuse": [0.6,0.4,0.4], "specular": [0.3,0.3,0.3], "n": 11, "alpha": 0.9, "texture": "tree.png"}, 
        "vertices": [[0.1, -0.05, 0.0],[0.0, 0.1, 0.0],[-0.1, -0.05, 0.0]],
        "normals": [[0, 0, -1],[0, 0,-1],[0, 0,-1]],
        "uvs": [[0,0], [0.5,1], [1,0]],
        "triangles": [[0,1,2]]
    },
    {
        "material": {"ambient": [0.1,0.1,0.1], "diffuse": [0.6,0.4,0.4], "specular": [0.3,0.3,0.3], "n": 11, "alpha": 0.9, "texture": "tree.png"}, 
        "vertices": [[0.1, -0.05, 0.0],[0.0, 0.1, 0.0],[-0.1, -0.05, 0.0]],
        "normals": [[0, 0, -1],[0, 0,-1],[0, 0,-1]],
        "uvs": [[0,0], [0.5,1], [1,0]],
        "triangles": [[0,1,2]]
    },
    {
        "material": {
            "ambient": [0.1, 0.1, 0.1],
            "diffuse": [0.6, 0.4, 0.4],
            "specular": [0.3, 0.3, 0.3],
            "n": 11,
            "alpha": 0.9,
            "texture": "tree.png"
        },
        "vertices": [
            [0.1, 0.1, 0.1],  [-0.1, 0.1, 0.1],  [-0.1, -0.1, 0.1],  [0.1, -0.1, 0.1],  
            [0.1, 0.1, -0.1], [-0.1, 0.1, -0.1], [-0.1, -0.1, -0.1], [0.1, -0.1, -0.1]  
        ],
        "normals": [
            [0, 0, 1],  [0, 0, 1],  [0, 0, 1],  [0, 0, 1],  
            [0, 0, -1], [0, 0, -1], [0, 0, -1], [0, 0, -1], 
            [-1, 0, 0], [-1, 0, 0], [-1, 0, 0], [-1, 0, 0], 
            [1, 0, 0],  [1, 0, 0],  [1, 0, 0],  [1, 0, 0],  
            [0, 1, 0],  [0, 1, 0],  [0, 1, 0],  [0, 1, 0],  
            [0, -1, 0], [0, -1, 0], [0, -1, 0], [0, -1, 0]  
        ],
        "uvs": [
            [0, 0], [1, 0], [1, 1], [0, 1],  
            [0, 0], [1, 0], [1, 1], [0, 1],  
            [0, 0], [1, 0], [1, 1], [0, 1],  
            [0, 0], [1, 0], [1, 1], [0, 1],  
            [0, 0], [1, 0], [1, 1], [0, 1],  
            [0, 0], [1, 0], [1, 1], [0, 1]   
        ],
        "triangles": [
            [0, 1, 2], [0, 2, 3], 
            [4, 6, 5], [4, 7, 6], 
            [1, 5, 6], [1, 6, 2], 
            [0, 3, 7], [0, 7, 4], 
            [0, 4, 5], [0, 5, 1], 
            [3, 2, 6], [3, 6, 7]  
        ]
    }
]